date,ticker,open,high,low,close,volume,SMA_10,SMA_20,EMA_10,EMA_20,MACD,Signal_Line,RSI,Middle_Band,Upper_Band,Lower_Band,Returns,Volatility,target,predicted_signal,strategy_returns,cumulative_strategy_returns,cumulative_buy_and_hold_returns
2019-04-28,MSFT,114.95661494010822,123.15974874862361,114.90973693131684,121.77227020263672,132620000,110.53252868652343,103.85250892639161,111.40801529444649,107.00457859447872,4.855748941282769,3.0775645225364356,85.94300080445875,103.85250892639161,120.17365732870542,87.5313605240778,0.05284941685387845,0.0295422529566723,0,1,0.05284941685387845,0.05284941685387845,0.05284941685387845
2019-05-05,MSFT,121.7816099010927,122.53161553910437,117.67535584516847,120.84410095214844,119573700,112.21346817016601,104.9456787109375,113.12366723221047,108.32262834282821,5.342735823410251,3.530598782711199,81.59900497514364,104.9456787109375,122.75391914306488,87.13743827881012,-0.007622172510570291,0.029847161171342878,0,1,-0.007622172510570291,0.04482441697096484,0.04482441697096484
2019-05-12,MSFT,118.49100630192896,120.52538614173719,115.84720524480062,119.18474578857422,146827400,113.58222122192383,106.31995162963867,114.22568151518568,109.35711571861354,5.531022161619234,3.9306834584928056,73.89439810754742,106.31995162963867,124.06608779847156,88.57381546080578,-0.013731370836473689,0.023252286135086425,1,1,-0.013731370836473689,0.030477545442534115,0.030477545442534115
2019-05-19,MSFT,116.3534878024182,122.75936224348773,115.35035996559554,120.51043701171875,139816600,115.27292098999024,107.6596893310547,115.36836433273714,110.41933679414737,5.721261502385701,4.288799067271385,75.98468033946634,107.6596893310547,125.44495675566695,89.87442190644244,0.011122994091007365,0.023169035222858157,0,1,0.011122994091007365,0.041939541091407184,0.041939541091407184
2019-05-26,MSFT,119.0519486557438,120.67041008558014,117.37696834267142,118.78844451904297,92123900,116.28516845703125,108.84144706726075,115.99019709388365,111.21639467270886,5.667742935167226,4.564587840850553,67.84301682718363,108.84144706726075,126.26501180143771,91.41788233308378,-0.014289156486158361,0.023939640283695916,0,1,-0.014289156486158361,0.027051103939635945,0.027051103939635945
2019-06-02,MSFT,119.48478594600999,120.44457549822678,116.04081146116769,116.37956237792969,89367900,116.94965438842773,109.86215324401856,116.060990781892,111.70812493034894,5.369061232383984,4.725482519157239,57.83967405617882,109.86215324401856,126.4830193996309,93.24128708840621,-0.020278758181121792,0.024967604620218624,1,1,-0.020278758181121792,0.006223782963189928,0.006223782963189928
2019-06-09,MSFT,116.53953236067598,124.44370810074517,111.98522540230312,123.64387512207031,147636900,118.25713272094727,111.01689643859864,117.43969702556078,112.84486304384622,5.653354804010789,4.9110569761279494,72.1356933949376,111.01689643859864,128.11558994192958,93.91820293526769,0.062419144699569884,0.026313621992748122,1,1,0.062419144699569884,0.06903141087211795,0.06903141087211795
2019-06-16,MSFT,124.58481942625458,126.31625637223944,122.99459592822366,124.63188934326172,102505800,119.48059997558593,112.24624519348144,118.74736835605185,113.96743697712388,5.890482186274838,5.106942018157327,73.54355271688951,112.24624519348144,129.5575918774042,94.93489850955869,0.007990806016197505,0.026063962520649832,1,1,0.007990806016197505,0.07757383350161895,0.07757383350161895
2019-06-23,MSFT,124.80127028610846,129.60023578679758,124.70716723027172,128.88510131835938,133967200,121.03001480102539,113.89316101074219,120.59059253101685,115.3881669143844,6.348425310720003,5.355238676669863,78.85116517579912,113.89316101074219,130.94062067356674,96.84570134791764,0.03412619352486468,0.02340150210257701,0,1,0.03412619352486468,0.11434732668102554,0.11434732668102554
2019-06-30,MSFT,128.91330476048086,130.23066125566555,124.89539103349232,126.05277252197266,124214400,122.06931991577149,115.2635669708252,121.58371616573608,116.40384363891661,6.408925173058208,5.5659759759475325,68.3197129888164,115.2635669708252,131.53885886698404,98.98827507466636,-0.021975610581944416,0.024587907125090895,1,1,-0.021975610581944416,0.08985886377685248,0.08985886377685248
2019-07-07,MSFT,128.56514708962735,129.60966277196758,127.00312844539572,128.9698028564453,69621700,122.78907318115235,116.66080093383789,122.92664101859229,117.60060165963363,6.615986742334584,5.775978129224943,72.6591840870603,116.66080093383789,132.58355345587876,100.73804841179701,0.023141342122912745,0.02456447998115352,1,1,0.023141342122912745,0.1150796606092015,0.1150796606092015
2019-07-14,MSFT,128.34874482648078,131.0023026217617,127.37954353314429,130.70120239257812,102201900,123.77478332519532,117.99412574768067,124.34019763204425,118.84827791991405,6.840935949153348,5.988969693210624,75.00406769524977,117.99412574768067,133.93114804766628,102.05710344769504,0.013424844403771008,0.024230854884830084,0,1,0.013424844403771008,0.1300494315506897,0.1300494315506897
2019-07-21,MSFT,131.2093360803028,132.36671570617833,126.72085072010519,128.55577087402344,138962800,124.71188583374024,119.14705352783203,125.10666549422228,119.77280105840066,6.7680732869283275,6.1447904119541645,66.81139463931953,119.14705352783203,134.6065895458663,103.68751750979776,-0.01641478027195653,0.025023109291870623,1,1,-0.01641478027195653,0.1114999184353358,0.1114999184353358
2019-07-28,MSFT,129.29914396812555,133.31711993008503,129.22386438151926,132.9971923828125,101242300,125.9605613708496,120.61674118041992,126.54130674669322,121.03226689882084,6.98815954614912,6.3134642387931565,73.67891349945495,120.61674118041992,135.429678087212,105.80380427362783,0.03454859691317447,0.024662899898875698,0,1,0.03454859691317447,0.14990068108638455,0.14990068108638455
2019-08-04,MSFT,133.1477334915005,133.15713805639498,127.10663448669493,128.81924438476562,143400300,126.96364135742188,121.62440490722656,126.95547722634274,121.77388380224414,6.747671053715521,6.40030560177763,60.16595055948298,121.62440490722656,135.73980988296375,107.50899993148937,-0.031413805984875864,0.025023051446910204,1,1,-0.031413805984875864,0.11377792418886035,0.11377792418886035
2019-08-11,MSFT,125.43171649321536,131.15282891753128,123.06046027244633,129.58140563964844,159824000,128.28382568359376,122.61674003601074,127.43291875603468,122.51745731056836,6.543156795888223,6.4288758405997495,61.646569602340904,122.61674003601074,135.98336299506957,109.25011707695192,0.00591651704310836,0.025030157063260342,0,1,0.00591651704310836,0.12036761025956166,0.12036761025956166
2019-08-18,MSFT,128.9792164120801,130.6070913164481,124.85811755237961,128.521240234375,130689700,128.7715621948242,123.51434745788575,127.6307953884602,123.0892461604547,6.223787338812116,6.387858140242224,58.175949930810404,123.51434745788575,135.84547800014138,111.1832169156301,-0.008181462456285149,0.025311842142757734,0,1,-0.008181462456285149,0.11120136471898512,0.11120136471898512
2019-08-25,MSFT,130.14506982370392,131.69343313334414,125.37733735066186,125.93435668945312,117702400,128.90180892944335,124.19120445251465,127.32235198864072,123.36020906797836,5.696281671265126,6.249542846446804,50.2162998675853,124.19120445251465,135.38681308279595,112.99559582223335,-0.020128062413686365,0.025968925182695494,1,1,-0.020128062413686365,0.08883503429574802,0.08883503429574802
2019-09-01,MSFT,127.44496095479434,131.4008004949088,126.0854215608195,130.1545867919922,104916800,129.02875747680665,125.02938613891601,127.83730377106825,124.00729266074158,5.5547353966514805,6.1105813564877405,60.412077634908215,125.02938613891601,135.29161507443828,114.76715720339374,0.0335113483999121,0.02668610229100016,1,1,0.0335113483999121,0.1253233644800631,0.1253233644800631
2019-09-08,MSFT,128.97438110515063,132.53370966497332,128.1152407889249,131.32525634765625,83791500,129.556005859375,125.81266288757324,128.4714769668115,124.70424158330489,5.47392223554958,5.983249532300109,62.84746338028483,125.81266288757324,135.43517259994562,116.19015317520086,0.00899445485955086,0.026522127490419187,0,1,0.00899445485955086,0.13544503468427682,0.13544503468427682
2019-09-15,MSFT,131.78785050247885,131.93891103156488,126.99179032748243,129.64474487304688,129776500,129.62350006103514,126.20628662109375,128.68479840430885,125.17476570613746,5.214168305252485,5.829433286890584,57.03571255314919,126.20628662109375,135.77681791532044,116.63575532686707,-0.012796559636332083,0.024494884458144326,1,1,-0.012796559636332083,0.12091524458416236,0.12091524458416236
2019-09-22,MSFT,128.23798399480359,134.412462034287,128.077487623056,131.64622497558594,133467100,129.71800231933594,126.74639282226562,129.2232395990865,125.79109516037065,5.110898900176636,5.685726409547795,61.87999921730605,126.74639282226562,136.26183377990432,117.2309518646269,0.015438189218537124,0.024490586881223634,0,1,0.015438189218537124,0.1382201462279955,0.1382201462279955
2019-09-29,MSFT,131.44792693200088,132.8263920553697,128.42683221412662,130.03179931640625,108228800,129.86560516357423,127.28874549865722,129.37025045678098,126.19497174665975,4.842959867545332,5.517173101147302,56.00309109368364,127.28874549865722,136.2072613109233,118.37022968639116,-0.012263364631071583,0.024434982103996816,1,1,-0.012263364631071583,0.12426173754436998,0.12426173754436998
2019-10-06,MSFT,130.3339044250626,132.41100576420848,125.77387800683437,130.39999389648438,116299800,129.60588531494142,127.78322334289551,129.55747653672705,126.59545004664305,4.607217345603431,5.335181950038528,57.07586306956451,127.78322334289551,136.2019852755617,119.36446141022934,0.002831573369081797,0.02438957874154314,1,1,0.002831573369081797,0.12744516714027831,0.12744516714027831
2019-10-13,MSFT,129.47480352770077,133.14736781070172,128.0397363674609,131.87281799316406,103704700,129.91124267578124,128.43744201660155,129.9784477106247,127.09805651774029,4.487505128482624,5.165646585727348,61.41789101713996,128.43744201660155,135.89140699650576,120.98347703669734,0.011294663846755038,0.024035499500254985,0,1,0.011294663846755038,0.14017928130877633,0.14017928130877633
2019-10-20,MSFT,131.8822506390827,133.8648557060827,128.92717902000976,129.72967529296875,107485700,129.9260696411133,129.1049476623535,129.93321636195998,127.34868687728586,4.171610895355499,4.966839447652978,52.50111803286183,129.1049476623535,133.9452108314802,124.26468449322681,-0.016251587952768265,0.02382402720930529,1,1,-0.016251587952768265,0.12164955743666273,0.12164955743666273
2019-10-27,MSFT,130.71157415657927,133.2511923514394,128.03031527485095,132.86410522460938,140342800,130.36035614013673,129.56595916748046,130.46610524607806,127.87396481512619,4.1266156828043705,4.798794694683257,61.84832404263658,129.56595916748046,133.95112605444126,125.18079228051965,0.02416124086152327,0.020307487092326472,1,1,0.02416124086152327,0.14875000255611082,0.14875000255611082
2019-11-03,MSFT,136.32897634868806,137.52799566822608,134.6768092915584,135.68699645996094,132099700,131.3356201171875,130.11871452331542,131.41535819405675,128.6180630670152,4.269523968864377,4.692940549519481,68.32557412372026,130.11871452331542,134.66907145121158,125.56835759541927,0.021246455019430677,0.02066471337541147,1,1,0.021246455019430677,0.1731568678139901,0.1731568678139901
2019-11-10,MSFT,136.73496026713525,137.83011037203946,135.1960330111829,137.80178833007812,86257400,132.1003402709961,130.56454887390137,132.57652730969698,129.49270356825932,4.501534952210065,4.654659430057598,72.37912697132793,130.56454887390137,136.21925832301355,124.9098394247892,0.015585810912552844,0.019655064198503484,1,1,0.015585810912552844,0.1914414689265016,0.1914414689265016
2019-11-17,MSFT,137.21643909236604,141.60657842964295,136.64053353501333,141.5876922607422,93138900,133.1265838623047,131.34129486083984,134.21492093715975,130.64460725325767,4.934019825913225,4.710531509228724,78.15406774087063,131.34129486083984,138.4638555733845,124.21873414829518,0.027473547161780187,0.019385643865595777,1,0,0.0,0.1914414689265016,0.22417459231355452
2019-11-24,MSFT,141.6821437198298,142.89358425753426,140.63897502835712,141.70945739746094,105644400,134.3330551147461,131.97827758789063,135.5775639299418,131.69840250508656,5.226346563214776,4.813694520025934,78.32226745937722,131.97827758789063,140.37290642092702,123.58364875485425,0.0008599980321348788,0.018985169738425182,1,0,0.0,0.1914414689265016,0.22522738005393372
2019-12-01,MSFT,142.09786309345495,144.466134245281,142.02207583187874,143.40516662597656,74202700,135.50894927978516,132.61347579956055,137.0007644201299,132.8133324213618,5.5310882296065245,4.957173261942053,80.70891196351849,132.61347579956055,142.4071886548161,122.819762944305,0.011966097814908538,0.0189534379765269,1,0,0.0,0.1914414689265016,0.23988857072916314
2019-12-08,MSFT,143.81249022948293,143.86933466734416,138.92437154168877,143.7556610107422,103331700,136.88133544921874,133.37347030639648,138.22892743660486,133.85545895368375,5.7347732669647655,5.112693262946596,81.20248553400437,133.37347030639648,144.15099412699863,122.59594648579434,0.002444084777501576,0.01829928025684483,1,1,0.002444084777501576,0.19435345288398898,0.24291896351068054
2019-12-15,MSFT,143.11152949856773,146.73024135551842,142.4104903709191,146.3892059326172,100477600,138.48025665283203,134.0430709838867,139.71261443587983,135.0491491421536,6.039085375278603,5.297971685412998,84.61516557800867,134.0430709838867,146.28653825218777,121.79960371558565,0.018319591057205153,0.017287448633099226,1,0,0.0,0.19435345288398898,0.26568873063944154
2019-12-22,MSFT,146.93864510364466,150.1406450579801,145.65034313899864,149.11753845214844,152135400,140.20472869873046,135.05798568725587,141.42260062065594,136.38899574310548,6.426329816395594,5.523643311609517,87.3586010937112,135.05798568725587,148.75690611397874,121.35906526053297,0.01863752523384199,0.015248784605197655,1,0,0.0,0.19435345288398898,0.28927803629492366
2019-12-29,MSFT,149.79012707828537,151.1447454147721,148.84273813245767,150.58583068847656,59640800,142.29034423828125,136.10820693969725,143.08864245116877,137.74107526171224,6.773620655879313,5.773638780463477,88.61883656579744,136.10820693969725,151.19007996910088,121.02633391029363,0.009846542878652054,0.015253264008723661,0,0,0.0,0.19435345288398898,0.30197296776180593
2020-01-05,MSFT,150.6142958109539,152.26260717686054,148.20807823448885,150.2637176513672,78456100,144.03030548095703,137.19533081054686,144.39320157847754,138.9337078702508,6.9428267333591975,6.007476371042621,86.43759901504616,137.19533081054686,153.0872579260792,121.30340369501452,-0.0021390660438413978,0.014980601963312256,1,0,-0.0,0.19435345288398898,0.2991879615964672
2020-01-12,MSFT,148.8048610818125,154.62146487473208,148.26488234672686,152.8404998779297,112305200,145.74565582275392,138.5406379699707,145.92907399655974,140.2581642519345,7.201830342240328,6.246347165282163,88.94843349205053,138.5406379699707,154.96522256164283,122.11605337829857,0.01714839927320977,0.013554151460970216,1,0,0.0,0.19435345288398898,0.32146695549287085
2020-01-19,MSFT,153.23836952210237,158.6475004445923,152.76470985739576,158.2969970703125,124758900,147.79517669677733,139.94775848388673,148.17778728269658,141.97614832987526,7.757957386286108,6.548669209482952,92.3905136062382,139.94775848388673,158.08049281493064,121.81502415284282,0.035700597660572875,0.013762823789750373,0,0,0.0,0.19435345288398898,0.3686441155926641
2020-01-26,MSFT,157.89913292781256,159.32959395002115,155.78660528365143,156.34552001953125,98254900,149.27095947265624,141.19877166748046,149.6628295984847,143.3446599193663,7.949586304079759,6.828852628402314,81.86823108177641,141.19877166748046,160.25558212906222,122.1419612058987,-0.012327947383072857,0.014636800618115614,1,0,-0.0,0.19435345288398898,0.3517715429494854
2020-02-02,MSFT,152.66046656819069,164.88087936173753,151.76051631780365,161.26211547851562,179472700,151.22622528076172,142.7796401977539,151.77179066758123,145.0510842583329,8.40133638963107,7.143349380648066,86.37814119070815,142.7796401977539,163.0103044796604,122.54897591584742,0.03144698651019984,0.0145346783807819,1,0,0.0,0.19435345288398898,0.39428068442549
2020-02-09,MSFT,161.45160480639652,175.85085514230525,161.423186386706,174.2025146484375,167007100,154.30596008300782,144.90745468139647,155.85010411864602,147.82741096215238,9.691812471471195,7.653041998812692,92.23988606225772,144.90745468139647,168.8238492204986,120.99106014229434,0.08024450833677599,0.021237744321876938,1,0,0.0,0.19435345288398898,0.506164052430677
2020-02-16,MSFT,173.90887006854624,180.65378531596264,172.27002107298435,175.5856475830078,194512400,157.48895874023438,147.18514709472657,159.43838474852996,150.471052545091,10.70275661616671,8.262984922283497,92.63096575789844,147.18514709472657,173.674787172503,120.69550701695016,0.007939798902223849,0.020369959075996185,0,0,0.0,0.19435345288398898,0.5181226921207351
2020-02-23,MSFT,175.8319246061661,178.75343930147744,168.37097302614455,169.6438446044922,143224700,159.81442260742188,149.14733963012696,161.29392290415944,152.29703274122446,10.898848154423575,8.790157568711512,74.11639359152437,149.14733963012696,176.2095589128922,122.08512034736175,-0.03383991265975572,0.023030153494045046,0,0,-0.0,0.19435345288398898,0.46674955281257624
2020-03-01,MSFT,159.36582502799183,166.08165959218329,144.38580353335962,153.8943634033203,382778100,160.29210510253907,150.24841690063477,159.9485484494614,152.44915947094788,9.671908857472374,8.966507826463685,45.997925902348214,150.24841690063477,176.11693199735953,124.37990180391,-0.09283850668375404,0.03311516834010222,0,1,-0.09283850668375404,0.08347146186565402,0.3305787146503927
2020-03-08,MSFT,157.02902719219887,166.23366029061174,148.18542341366964,153.47640991210938,313160600,160.58116302490234,151.4357536315918,158.7717959881247,152.54699284629658,8.567069427713449,8.88662014671364,45.469712770821396,151.4357536315918,175.45246342722493,127.41904383595869,-0.002715846649403164,0.03272339371130966,0,0,-0.0,0.08347146186565402,0.32696506690644234
2020-03-15,MSFT,143.43585918878594,153.79938665871734,131.63805829012034,150.87367248535156,378099100,160.64215850830078,152.33623199462892,157.335773533075,152.38762900239706,7.396198291406392,8.58853577565219,42.00385746883518,152.33623199462892,174.71575150738084,129.956712481877,-0.016958550361246494,0.033008432910999946,0,0,-0.0,0.08347146186565402,0.3044616629916945
2020-03-22,MSFT,132.98695814086605,142.62844911064573,128.23738768544888,130.46966552734375,421347800,158.4050750732422,152.07536544799805,152.45102662294207,150.30020390953484,4.766891879798749,7.824206996481502,24.862013753973272,152.07536544799805,175.37475510695302,128.7759757890431,-0.13523901567378405,0.045581331486910744,1,1,-0.13523901567378405,-0.06305615214769289,0.12804755170451032
2020-03-29,MSFT,130.14670715023314,148.81242976100117,125.88163549437337,142.2009735107422,358740500,156.79547271728515,152.29532470703126,150.58738060254208,149.52884863345935,3.588401261063325,6.977045849397866,40.870534079366976,152.29532470703126,175.10526424711486,129.48538516694765,0.08991598112850063,0.04983040707945893,1,0,0.0,-0.06305615214769289,0.22947705407562435
2020-04-05,MSFT,144.8037561165446,156.52563234720105,142.49547567385673,146.12417602539062,290191400,155.7733383178711,152.52214889526368,149.7758888612418,149.20459409935756,2.9371509625267436,6.169066872023643,45.36238726380597,152.52214889526368,174.97112764523675,130.07317014529062,0.027589139636600812,0.049833426797976275,1,0,0.0,-0.06305615214769289,0.26339726820051346
2020-04-12,MSFT,152.28903866452734,161.4841185494659,149.68628926690775,156.8675994873047,229584000,155.33388671875,153.28005599975586,151.06529079325324,149.9344041363049,3.250465552230253,5.585346608064965,55.93859185149597,153.28005599975586,175.20948468982027,131.35062730969145,0.07352255974430455,0.05227355153372089,1,0,0.0,-0.06305615214769289,0.35628546933257677
2020-04-19,MSFT,156.1171440984928,170.98319909985108,154.16983281192037,169.65333557128906,238965600,154.87896881103515,154.59246444702148,154.44493529835066,151.8123976063034,4.478842362233394,5.3640457588986505,65.19109830080205,154.59246444702148,177.16583850552382,132.01909038851915,0.08150654517422584,0.05490737046467112,0,0,0.0,-0.06305615214769289,0.4668316122078786
2020-04-26,MSFT,167.7820097543469,169.79580713643446,157.78896833665317,165.8062286376953,194561900,153.9010269165039,155.69499282836915,156.5106249964133,153.14514341881693,5.083313186054795,5.30789924432988,60.76129469612167,155.69499282836915,178.19363652925878,133.19634912747952,-0.02267628231793406,0.05537249466203429,1,0,-0.0,-0.06305615214769289,0.43356932445658236
2020-05-03,MSFT,167.74399405047532,171.36310345646845,160.90467561776978,165.8252410888672,212120100,153.5191665649414,156.66679458618165,158.20419155867765,154.35277176834552,5.500488606110281,5.34641711668596,60.776492973160046,156.66679458618165,179.15203599959926,134.18155317276404,0.00011466668850790285,0.055354874879049776,1,0,0.0,-0.06305615214769289,0.43373370710376435
2020-05-10,MSFT,165.7491719843416,175.73271852011223,165.09373425306853,175.42874145507812,158545200,155.6726043701172,157.98235473632812,161.33592790347774,156.36000697660575,6.53074301165077,5.583282295678923,68.00028386024249,157.98235473632812,181.6552986472881,134.30941082536813,0.05791338099767529,0.05644758020571306,0,0,0.0,-0.06305615214769289,0.516766073532474
2020-05-17,MSFT,173.97539842652998,178.11699203070202,166.87959545034084,173.98487854003906,196126700,157.72345123291015,159.15230712890624,163.63573711012523,158.0385661731232,7.148318019787354,5.89628944050061,65.89497718720213,159.15230712890624,183.58669069746895,134.71792356034354,-0.008230480952340358,0.05658978752569251,1,0,-0.0,-0.06305615214769289,0.5042823592551089
2020-05-24,MSFT,176.44513478913066,177.81286649401784,173.87887960911883,174.8028564453125,143271300,160.11636962890626,160.3792640686035,165.66612244379564,159.63516524666503,7.6159625682377055,6.240224066048029,66.57150397397483,160.3792640686035,185.3919342522564,135.36659388495062,0.00470143102169196,0.05654081889840453,0,0,0.0,-0.06305615214769289,0.5113546390042949
2020-05-31,MSFT,177.49857381640152,177.6509856570582,168.22071368879833,174.55517578125,151531300,164.52492065429686,161.46499786376953,167.28231395969644,161.05611863091121,7.875801149312167,6.567339482700857,66.11330516185726,161.46499786376953,186.97993499988561,135.95006072765344,-0.0014169142833200254,0.05655491896484605,1,0,-0.0,-0.06305615214769289,0.5092131790291277
2020-06-07,MSFT,173.87885733693813,178.82261577227575,172.7453154342231,178.31776428222656,149383400,168.1365997314453,162.46603622436524,169.28875947288373,162.70008488341742,8.289775175595878,6.911826621279861,69.7614275675212,162.46603622436524,189.00793966610226,135.92413278262822,0.021555296107013122,0.0562809180614271,1,0,0.0,-0.06305615214769289,0.541744715991707
2020-06-14,MSFT,177.1175700198365,189.10064603035806,175.688741626046,178.8321533203125,203096100,171.4073974609375,163.5903678894043,171.023921990598,164.2364723535979,8.560677311185742,7.2415967592610375,70.26636902013072,163.5903678894043,190.93361171305926,136.24712406574932,0.0028846763537917486,0.05610120595570935,1,0,0.0,-0.06305615214769289,0.5461921505175118
2020-06-21,MSFT,175.8220765372761,189.83408291259306,175.27911483833037,185.89051818847656,168517400,174.3096893310547,164.82178802490233,173.72693948112138,166.29876243311014,9.238425443240061,7.640962496056842,76.48375719546317,164.82178802490233,193.887592499611,135.75598355019366,0.03946921589386432,0.056303942945232804,1,0,0.0,-0.06305615214769289,0.6072191423196858
2020-06-28,MSFT,186.5001629873626,194.2730650625524,185.63340467505674,187.0146026611328,182956600,176.04581604003906,165.4623924255371,176.14287824112344,168.27169959768372,9.753814046591458,8.063532806163765,77.3539109480684,165.4623924255371,195.92968363879797,134.99510121227624,0.00604702425713044,0.053725208035469776,1,0,0.0,-0.06305615214769289,0.6169380354598173
2020-07-05,MSFT,186.49068256690614,198.1498896510141,184.36649507102788,196.473388671875,122388900,179.11253204345704,166.50677947998048,179.83933468307828,170.9575747476067,10.801000992563132,8.611026443443638,83.33943464692828,166.50677947998048,199.7415169116344,133.27204204832657,0.05057779379870864,0.054686944984423606,1,0,0.0,-0.06305615214769289,0.698719194002593
2020-07-12,MSFT,198.9214604627047,206.1132100290727,198.12132970713935,203.53184509277344,158397600,182.88319244384766,168.20117950439453,184.1470638484774,174.05988620905114,12.061426023779973,9.301106359510905,86.42810569240274,168.20117950439453,205.33591680945037,131.0664421993387,0.035925763120452814,0.05416100977108057,0,0,0.0,-0.06305615214769289,0.7597469773744967
2020-07-19,MSFT,204.30339601897944,205.56077192573022,191.8344611018104,193.25376892089844,169482800,184.6656951904297,170.16914978027344,185.80282840709938,175.88787503875088,12.091582851919611,9.859201657992646,65.90113660333031,170.16914978027344,208.2706361562688,132.06766340427808,-0.050498614441342404,0.05061737697874285,0,0,-0.0,-0.06305615214769289,0.6708821932497444
2020-07-26,MSFT,195.2731784676859,203.78903986328467,188.13858299901412,191.74876403808594,231764900,186.44208374023438,172.08276748657227,186.88390761273328,177.3984358958304,11.857356810928081,10.258832688579734,63.358700320491074,172.08276748657227,210.497345412909,133.66818956023553,-0.007787712970444116,0.0507112900603537,1,0,-0.0,-0.06305615214769289,0.6578698423212892
2020-08-02,MSFT,191.9106408439871,195.36847085085128,189.5674166446083,195.28273010253906,149168500,188.49007110595704,174.30322036743163,188.4109662472434,179.10170201075505,11.820631629413299,10.571192476746447,66.82626027087377,174.30322036743163,212.68985008929798,135.9165906455653,0.01843018953567377,0.050246572623644785,1,0,0.0,-0.06305615214769289,0.6884246977407482
2020-08-09,MSFT,201.48385374099897,207.3134687948011,200.33125923486728,202.39828491210938,217546700,191.27438201904297,177.89965133666993,190.95411509540085,181.32042419183642,12.22477289218753,10.901908559834665,72.80530272789643,177.89965133666993,212.261653542865,143.53764913047488,0.03643719445049798,0.03602137560637001,0,0,0.0,-0.06305615214769289,0.7499461567673511
2020-08-16,MSFT,201.62671469191105,201.8267570415429,193.50143901907384,198.98814392089844,141723900,193.34141998291017,180.73900985717773,192.41484760912766,183.00306416603283,12.13006009429651,11.147538866727034,66.20671882937704,180.73900985717773,211.91808166397652,149.55993805037895,-0.016848665455301504,0.0333644731867761,1,0,-0.0,-0.06305615214769289,0.7204618994071874
2020-08-23,MSFT,199.6549144084866,206.48736005046817,199.00717145991686,203.40318298339844,132379400,195.79852294921875,183.60296020507812,194.41272676808597,184.94593262482957,12.269817455985333,11.371994584578694,70.2365031859618,183.60296020507812,211.7718970135649,155.43402339659133,0.022187447832344498,0.03329997035187491,1,0,0.0,-0.06305615214769289,0.7586345580478207
2020-08-30,MSFT,205.09323916626136,220.7146922620939,202.83978144131711,218.57582092285156,171999700,199.06705322265626,186.68837127685546,198.80601661440699,188.1487791294031,13.449839868934532,11.787563641449863,79.79193960143817,186.68837127685546,216.0213022905629,157.35544026314804,0.07459390613711037,0.03339607973492306,0,0,0.0,-0.06305615214769289,0.8898179792003185
2020-09-06,MSFT,216.75207238212613,222.34748887077873,195.92665473875113,204.57763671875,206644900,200.82335662841797,188.43458633422853,199.8554020879239,189.71343223315043,13.104420058024175,12.050934924764725,59.46798162636715,188.43458633422853,217.65551263115546,159.2136600373016,-0.06404269303438803,0.03449589808739219,0,0,-0.0,-0.06305615214769289,0.768788946467525
2020-09-13,MSFT,197.17751849448624,205.14095742493012,192.15493198309133,194.8189697265625,167684900,200.6579147338867,189.88522338867188,198.9396871131309,190.1996738991897,11.905984718953789,12.02194488360254,49.355620254516495,189.88522338867188,217.1942843751424,162.57616240220136,-0.04770153350438566,0.036156186758060004,0,0,-0.0,-0.06305615214769289,0.6844150012754173
2020-09-20,MSFT,195.0195252630017,201.14016226576354,187.3902400287708,191.3433380126953,167764400,199.4390640258789,191.16112823486327,197.55853273123353,190.30859429095213,10.554100544855629,11.728376015853158,46.131868526613566,191.16112823486327,216.01083454799522,166.31142192173132,-0.01784031462000546,0.03660115566783583,1,0,-0.0,-0.06305615214769289,0.654364507702007
2020-09-27,MSFT,188.28780668448618,199.60283667261433,187.5143766837805,198.43792724609375,164800400,199.95747985839844,192.31158752441405,197.7184226430263,191.0828164771561,9.940607520578538,11.370822316798236,53.3139956936799,192.31158752441405,216.2066881973449,168.4164868514832,0.03707779589863591,0.035376264854063075,0,0,0.0,-0.06305615214769289,0.7157046972605294
2020-10-04,MSFT,201.35976483478098,204.32938063457078,196.26083592410876,196.88150024414062,150369100,200.47075347900392,193.45641860961913,197.56625493413796,191.63507207401176,9.2225078971791,10.941159432874409,51.57340602617383,193.45641860961913,215.79796969180458,171.1148675274337,-0.007843394776155477,0.03536772755490982,1,0,-0.0,-0.06305615214769289,0.7022477480006108
2020-10-11,MSFT,197.86502514244748,206.11497588280443,195.57339314489093,206.06723022460938,121950800,201.54920349121093,195.01963729858397,199.11188680513274,193.00956332644964,9.287559211793251,10.610439388658179,60.38156774384578,195.01963729858397,216.21120678607778,173.82806781109016,0.04665613564036275,0.036464208139267144,1,0,0.0,-0.06305615214769289,0.7816680498248294
2020-10-18,MSFT,208.9126745888685,215.04283405759003,206.25822446788095,209.7434539794922,141624900,202.28372039794922,196.7790512084961,201.04489901865264,194.60326719816797,9.52594422549248,10.39354035602504,63.45135842822853,196.7790512084961,216.61643366905736,176.94166874793484,0.017839924139688712,0.036431867093190025,0,0,0.0,-0.06305615214769289,0.8134528726758115
2020-10-25,MSFT,210.46907710426066,212.26420865277728,202.14277705291187,206.46827697753906,114335300,203.03173370361327,198.18657684326172,202.03096773845016,195.73326812953664,9.342887660850408,10.183409816990116,58.77023941129277,198.18657684326172,216.4401572648797,179.93299642164374,-0.015615157182799932,0.03675033830454151,0,0,-0.0,-0.06305615214769289,0.7851355210253785
2020-11-01,MSFT,204.19570822507853,206.57328739211215,190.60814059478193,193.32948303222656,193393800,202.02436370849608,198.91144332885742,200.44887961004585,195.5043362155071,8.04488670247801,9.755705194087696,43.80968926158401,198.91144332885742,214.94533318381917,182.87755347389566,-0.06363589669875447,0.040095351083393335,1,0,-0.0,-0.06305615214769289,0.6715368214161304
2020-11-08,MSFT,195.06729288841902,214.23123897961761,191.0855498716354,213.62013244628906,161978000,201.52879486083984,200.29792404174805,202.84365285299916,197.22965014224826,8.5548820678097,9.515540568832098,61.34418527422821,200.29792404174805,216.3865678440176,184.2092802394785,0.10495372509055012,0.0454082935891863,0,0,0.0,-0.06305615214769289,0.8469708374497709
2020-11-15,MSFT,214.30763679686595,217.8214958469359,200.25213055602137,206.7356414794922,158095900,201.74459533691407,201.28397598266602,203.55128714872518,198.13498265055722,8.30776939010218,9.273986333086114,54.66580155865504,201.28397598266602,216.32821105574104,186.239740909591,-0.032227725392539264,0.046290499524192764,0,0,-0.0,-0.06305615214769289,0.7874471684924114
2020-11-22,MSFT,205.1696378838174,207.91008095610752,200.97741866186885,201.41783142089844,125116000,202.40448150634765,201.53119812011718,203.16338610730213,198.44763491439923,7.5952743884765255,8.938243944164197,49.83071779667345,201.53119812011718,216.40410944616934,186.65828679406502,-0.025722754047328933,0.045564489044359904,1,0,-0.0,-0.06305615214769289,0.7414691046046866
2020-11-29,MSFT,201.9540006095988,207.04709439516884,199.2829870331128,206.0514373779297,95188300,203.8752914428711,201.657177734375,203.6884863383253,199.17180657759263,7.320128359405061,8.61462082721237,53.927685114085236,201.657177734375,216.64369196065894,186.67066350809108,0.02300494412209475,0.04515111354435943,0,0,0.0,-0.06305615214769289,0.7815315040464719
2020-12-06,MSFT,204.96962217882137,208.05230344579502,201.84863688732,205.2185516357422,137480700,204.55335388183593,202.2554168701172,203.96668002876473,199.74768705932115,6.954696814637202,8.282636024697336,53.029519264697214,202.2554168701172,216.77754114721608,187.7332925930183,-0.0040421253682393354,0.043496040384706273,0,0,-0.0,-0.06305615214769289,0.774330330359648
2020-12-13,MSFT,205.22810989970768,207.69808770235701,200.19243502451116,204.1654510498047,138057400,205.28174896240233,202.87625122070312,204.00282021440836,200.16842648698625,6.505126220688595,7.927134063895588,51.77155500382512,202.87625122070312,216.54363240623152,189.20887003517473,-0.0051316051962335685,0.043462538752793434,1,0,-0.0,-0.06305615214769289,0.7652251676165396
2020-12-20,MSFT,204.0122872737172,211.47007192934876,203.18896750450304,209.26815795898438,186693000,205.60184173583986,203.57552261352538,204.96015434978582,201.0350675795575,6.485819597436205,7.6388711706037125,57.41892119194143,203.57552261352538,217.03659721204272,190.11444801500804,0.024992998976770764,0.04360156195958857,1,0,0.0,-0.06305615214769289,0.8093434384245497
2020-12-27,MSFT,208.2725335910342,216.00793106077268,208.0140437123075,213.25074768066406,89044300,205.95257110595702,204.11814575195314,206.46753495540003,202.1984656844248,6.7144803165897144,7.453992999800914,61.48084939824171,204.11814575195314,218.2382158910703,189.99807561283598,0.019031035397464757,0.04309828695580975,0,0,0.0,-0.06305615214769289,0.8437771174473778
2021-01-03,MSFT,214.87827109953108,217.49180182350608,210.3116725862071,212.93482971191406,76551100,206.59922637939454,204.81548004150392,207.64340672931166,203.2209765441857,6.791910725067936,7.321576544854318,60.948696209138035,204.81548004150392,219.24300711939136,190.38795296361647,-0.0014814389735368083,0.04285299587582825,0,0,-0.0,-0.06305615214769289,0.841045674167076
2021-01-10,MSFT,213.04011740396882,213.4900752334204,202.90175448912245,210.2541961669922,147534500,208.29169769287108,205.15803070068358,208.11809571798082,203.89080698445298,6.561335170006458,7.169528269884747,56.18718196949785,205.15803070068358,219.768535461958,190.54752593940916,-0.012588985787569729,0.04279247383132994,0,0,-0.0,-0.06305615214769289,0.81786877634072
2021-01-17,MSFT,209.15326079150833,209.5744991531238,202.98788101972235,203.58143615722656,127595000,207.28782806396484,204.40831146240234,207.29324852511638,203.8613430961457,5.773611812184896,6.890344978344777,45.89007161077972,204.40831146240234,217.58863580738262,191.22798711742206,-0.03173663180765185,0.03987148477776057,1,0,-0.0,-0.06305615214769289,0.7601757443113679
2021-01-24,MSFT,204.63456763921351,220.25856538753118,203.56233504710266,216.3142547607422,129140300,208.24568939208984,204.99514236450196,208.93343147704834,205.0473346832501,6.1063769126087095,6.733551365197564,61.44647412788993,204.99514236450196,219.2115888548569,190.77869587414702,0.06254410443240044,0.039685357284586414,1,0,0.0,-0.06305615214769289,0.8702643598829563
2021-01-31,MSFT,219.34908876068727,232.2925610607269,214.6580569038777,222.0679931640625,243806600,210.31070556640626,206.35759353637695,211.32153360196,206.66834977666082,6.756489648389618,6.738139021835975,66.47232016976963,206.35759353637695,221.64991839019189,191.06526868256202,0.02659897938619138,0.03808273584205847,1,0,0.0,-0.06305615214769289,0.9200114830382113
2021-02-07,MSFT,225.03576910164196,234.63805958670622,222.5179218384246,231.8712921142578,129739500,212.89269104003907,208.38399124145508,215.0578533314687,209.0686299992891,7.970869746257563,6.984685166720293,73.31194202765252,208.38399124145508,225.88110312538433,190.88687935752583,0.04414548359948789,0.038454534220380816,1,0,0.0,-0.06305615214769289,1.004771318473503
2021-02-14,MSFT,232.7808007342039,235.43264960639695,230.5405941336593,234.54232788085938,100275800,215.82506866455077,210.18921127319337,218.60048506772154,211.49469646420056,9.044545100655,7.396657153507235,74.92038205006992,210.18921127319337,230.57685143918246,189.80157110720427,0.011519475922380895,0.037940495308178626,0,0,0.0,-0.06305615214769289,1.0278652334065383
2021-02-21,MSFT,234.58064140295025,235.6337375078981,230.46699168209992,231.2250518798828,90570200,218.5310287475586,211.90638885498046,220.89586085175085,213.37377793236075,9.518045995325451,7.820934921870879,68.96428271479996,211.90638885498046,233.33339016815006,190.47938754181087,-0.014143613355204865,0.0381140112856747,0,0,-0.0,-0.06305615214769289,0.9991838916087741
2021-02-28,MSFT,227.81862797364326,228.30799807606732,218.66444150450877,222.9824676513672,170376700,219.90245971679687,212.75215072631835,221.27524390622654,214.2888912389328,9.123026632518162,8.081353264000336,56.163277213136645,212.75215072631835,234.54099536218004,190.96330609045665,-0.03564745325604901,0.03824857887864775,0,0,-0.0,-0.06305615214769289,0.927918077282404
2021-03-07,MSFT,226.36008213862527,227.86659759459576,215.19084531714768,222.2340087890625,168766600,220.80078582763673,213.37667846679688,221.4495647940149,215.0455691008499,8.649866292214398,8.195055869643149,55.091857278493165,213.37667846679688,235.51563195997517,191.23772497361858,-0.0033565816639670176,0.038156921258443104,1,0,-0.0,-0.06305615214769289,0.9214468628145673
2021-03-14,MSFT,222.0133028006234,229.4978853058214,217.9447794153884,226.21620178222656,150656000,222.12892303466796,214.36407470703125,222.31622606459882,216.10943888002862,8.49825046616371,8.255694788947261,59.799864044023835,214.36407470703125,236.96245058974682,191.76569882431568,0.017918918057874045,0.03800585330796416,0,0,0.0,-0.06305615214769289,0.9558771117019007
2021-03-21,MSFT,225.458121186163,230.3518955608736,220.07500155097284,221.03456115722656,164952900,223.20695953369142,215.74932861328125,222.08319608144024,216.57849814452365,7.869266729615049,8.17840917708082,51.66741081206357,215.74932861328125,236.2145704658994,195.2840867606631,-0.0229057007596134,0.03510060958229253,1,0,-0.0,-0.06305615214769289,0.91107637585868
2021-03-28,MSFT,220.95779015994103,231.30182541849308,220.83304272830307,226.91664123535156,146927300,225.5404800415039,216.41415405273438,222.96200429124227,217.563083200793,7.756020711718008,8.093931484008257,58.97510559515947,216.41415405273438,237.44425592195665,195.3840521835121,0.026611585298377705,0.027083362347841283,1,0,0.0,-0.06305615214769289,0.9619331478465578
2021-04-04,MSFT,227.02218797535386,233.01944545451641,221.75422253424998,232.5492706298828,123981000,227.16398162841796,217.7048355102539,224.70514362554053,218.99033914642058,8.02823406008929,8.080791999224465,64.84760996672438,217.7048355102539,239.39213878501246,196.01753223549534,0.02482246063517768,0.026124230670365768,1,0,0.0,-0.06305615214769289,1.0106331561778292
2021-04-11,MSFT,232.94269441038907,245.63767943978883,232.88512317429942,245.5033416748047,130514300,229.50751647949218,219.90911102294922,228.48663417995218,221.51538700626668,9.183389968407141,8.301311593061,74.52459352340455,219.90911102294922,243.5040465539413,196.31417549195714,0.05570462986116653,0.027206454109653944,1,0,0.0,-0.06305615214769289,1.1226347319293044
2021-04-18,MSFT,244.40941406195913,250.44509732525836,244.32304257664887,250.1956024169922,124563200,231.33994750976564,222.11631927490234,232.43371931395944,224.24683609300246,10.358084030216332,8.712666080492067,77.15324733584659,222.11631927490234,248.36302631503537,195.8696122347693,0.019112818221443506,0.02712453752574349,1,0,0.0,-0.06305615214769289,1.1632042637111915
2021-04-25,MSFT,249.66784731433955,251.19351425483057,245.30181881820317,250.5889434814453,114031400,232.94460906982422,224.3848388671875,235.7346691625932,226.7556082252351,11.191765171758647,9.208485898745383,77.37901350859444,224.3848388671875,252.27355720443683,196.4961205299382,0.0015721342048113929,0.026999256071997664,0,0,0.0,-0.06305615214769289,1.1666051111261657
2021-05-02,MSFT,251.07840615470806,252.54650316167644,238.93033674663465,241.9817352294922,169214700,234.02027740478516,226.27565307617186,236.8704993565748,228.20571555897388,11.030777770568932,9.572944273110094,61.92784619348888,226.27565307617186,253.51255316358825,199.03875298875548,-0.03434791708034968,0.028624136823691276,1,0,-0.0,-0.06305615214769289,1.0921867384233424
2021-05-09,MSFT,243.1523672618422,244.0639604845384,234.79463968140215,242.25042724609375,127808000,235.94707336425782,227.92476654052734,237.84866806376004,229.5433071482234,10.800375292094316,9.818430476906938,62.19972380039113,227.92476654052734,254.81764748274742,201.03188559830727,0.0011103813944748353,0.028415648360644703,0,0,0.0,-0.06305615214769289,1.0945098636514548
2021-05-16,MSFT,240.72470662857563,241.5499284512594,228.4423791025512,238.11468505859375,153151300,237.53514099121094,229.16796340942383,237.89703479009344,230.35962885397294,10.166862574148723,9.888116896355296,55.19898769085482,229.16796340942383,255.49755575171162,202.83837106713605,-0.017072177062865013,0.028803668363554524,0,0,-0.0,-0.06305615214769289,1.0587520203992797
2021-05-23,MSFT,236.57939220770857,238.8377064674885,229.47959883359417,235.79849243164062,114541800,238.49337005615234,230.31114654541017,237.5154816340111,230.87761586136986,9.369891516352908,9.784471820354819,51.45646596458042,230.31114654541017,255.6394632894178,204.98282980140254,-0.009727214541107254,0.028973684242484733,1,0,-0.0,-0.06305615214769289,1.038726097809918
2021-05-30,MSFT,238.3182718362379,243.27144808873797,238.04897595260132,240.1360321044922,99583800,240.4035171508789,231.80523834228515,237.99194535591676,231.75936978928627,8.984719162736354,9.624521288831126,57.6595215178787,231.80523834228515,255.6328567711926,207.9776199133777,0.01839511197939081,0.028782914925923025,1,0,0.0,-0.06305615214769289,1.0762286926744378
2021-06-06,MSFT,241.62680800038572,242.03078653304206,233.71140768799265,241.2036590576172,93208800,241.83221893310548,233.68634948730468,238.57589330168048,232.65882591007968,8.66572281171645,9.432761593408191,59.142286480861806,233.68634948730468,253.77988795817882,213.59281101643055,0.004445925685406582,0.02731604246071827,1,0,0.0,-0.06305615214769289,1.0854594511479774
2021-06-13,MSFT,240.42459870903608,248.6093140988236,240.2610986600382,248.0322723388672,107035100,243.3805191040039,235.27225036621093,240.29523494480532,234.12296366520232,8.86177490316274,9.318564255359101,67.53331806646163,235.27225036621093,254.58424862555532,215.96025210686653,0.028310570859204187,0.024725066330326038,1,0,0.0,-0.06305615214769289,1.1444999987136995
2021-06-20,MSFT,248.04181221008912,252.27361091606278,244.69485634370264,249.51332092285156,129177100,243.7815170288086,236.6445167541504,241.97125057717736,235.58871197545463,9.032534407113275,9.261358285709937,69.12039412126744,236.6445167541504,255.90626748729062,217.38276602101018,0.005971193062977331,0.024297758826903645,1,0,0.0,-0.06305615214769289,1.1573052222295734
2021-06-27,MSFT,249.8884629766057,257.61160439785294,248.06109579519787,254.88966369628906,117966900,244.25092315673828,237.79543533325196,244.32005296247038,237.42689785362933,9.492267522823226,9.307540133132596,74.36846808814316,237.79543533325196,258.5492853916192,217.04158527488468,0.021547317608344718,0.022923054275879522,1,0,0.0,-0.06305615214769289,1.203789363031095
2021-07-04,MSFT,256.0150124787803,267.3735535200733,255.74571652356687,267.03692626953125,104367600,245.89572143554688,239.42016525268554,248.45039356375418,240.24690055990573,10.71329569598484,9.588691245703046,82.23813234754671,239.42016525268554,263.86179508042557,214.97853542494548,0.04765694456608527,0.024811127501880605,1,0,0.0,-0.06305615214769289,1.3088152305403962
2021-07-11,MSFT,267.4023914794495,269.960725504487,263.8149589636492,267.3158264160156,103360900,248.42913055419922,241.22470397949218,251.88047226416532,242.82489349858287,11.57010130549213,9.984973257660863,82.38144029430781,241.22470397949218,268.3054753835622,214.1439325754221,0.0010444253923251878,0.024364813035726417,1,0,0.0,-0.06305615214769289,1.3112266157933599
2021-07-18,MSFT,268.4891758346326,273.24038594694457,266.0077793129093,270.0184326171875,116956500,251.2059310913086,243.5765022277832,255.17828323744206,245.4147543670214,12.32512726282934,10.45300405869456,83.83932467315412,243.5765022277832,272.1170712363639,215.03593321920252,0.010110161592026046,0.022141077338312262,1,0,0.0,-0.06305615214769289,1.3345934903548224
2021-07-25,MSFT,268.2679481392744,278.9051578411828,263.95921404966873,278.597412109375,129711800,255.25420379638672,246.39467239379883,259.43630666870257,248.5750074853408,13.460577561967966,11.054518759349243,87.59806881828374,246.39467239379883,277.1100031035505,215.67934168404716,0.03177182908972043,0.022430048977190014,0,0,0.0,-0.06305615214769289,1.4087677957243496
2021-08-01,MSFT,277.9531436643689,279.05915914851056,272.1343877026181,274.0194091796875,129460200,259.07629547119143,248.7848327636719,262.087779852518,250.99828383718332,13.831581664486492,11.609931340376693,76.62469085619499,248.7848327636719,280.3175989877894,217.25206653955436,-0.016432323958164408,0.02322215405929591,1,0,-0.0,-0.06305615214769289,1.3691861429650136
2021-08-08,MSFT,275.41403559464675,278.5590271143416,272.89418832067446,278.39544677734375,80827200,262.90223693847656,251.65287704467772,265.0528102024863,253.60753745053194,14.31371515243245,12.150688102787845,79.4622880720586,251.65287704467772,282.992091492116,220.31366259723947,0.015969808893306014,0.021923697275818513,1,0,0.0,-0.06305615214769289,1.4070215929008336
2021-08-15,MSFT,278.67441927108996,281.7040523788136,274.2982834551078,281.6559753417969,81500400,266.94746856689454,254.38984375,268.07156750054276,256.2788172497,14.788434948387163,12.678237471907709,81.40312169221036,254.38984375,286.1908037846912,222.5888837153088,0.011711860241237604,0.02164632808029192,1,0,0.0,-0.06305615214769289,1.4352122933945295
2021-08-22,MSFT,281.98297377292107,294.7125403153344,278.13832497152845,293.286376953125,135064000,271.47287902832034,257.4266990661621,272.6560783101031,259.80334674526426,15.919618564373451,13.326513690400859,86.61081155020645,257.4266990661621,291.93119118450795,222.92220694781625,0.041292934038464235,0.022493251420789825,0,0,0.0,-0.06305615214769289,1.535769353995327
2021-08-29,MSFT,292.21667776411977,294.52943759174974,286.0302588466658,288.81512451171875,101283900,275.403059387207,259.5922882080078,275.5940867103968,262.5663731992123,16.267772273146534,13.914765406949993,77.04088290735217,259.5922882080078,296.31151065557845,222.87306576043719,-0.015245346503499069,0.020749588594059,1,0,-0.0,-0.06305615214769289,1.4971106715407143
2021-09-05,MSFT,290.1641777400818,294.08612491832895,289.2583451754172,290.1835021972656,92650700,278.9324432373047,261.5916831970215,278.2467077080093,265.1965759609317,16.464312888574796,14.424674903274955,77.9030541686761,261.5916831970215,300.44905863869474,222.73430775534828,0.004737901755873519,0.020605984629702468,0,0,0.0,-0.06305615214769289,1.5089417365760176
2021-09-12,MSFT,290.05824109463697,291.1470342035851,284.63306927340466,284.9510498046875,71787600,280.72385559082034,263.3097885131836,279.4656789983144,267.07795442224176,16.013266594262234,14.742393241472412,66.83022736207495,263.3097885131836,303.14515030733276,223.47442671903448,-0.018031529542369085,0.02136224511529879,1,0,-0.0,-0.06305615214769289,1.4637016795328646
2021-09-19,MSFT,286.7240711170078,294.211391982283,283.3803207637957,288.95965576171875,134785900,282.88823852539065,265.65868453979493,281.1918565916606,269.16192597838244,15.797170211025389,14.953348635383009,70.53261289028508,265.65868453979493,305.73821026488827,225.57915881470163,0.014067700258619364,0.01909324740034364,0,0,0.0,-0.06305615214769289,1.4983602962871898
2021-09-26,MSFT,285.54839447765664,289.95228422054885,278.98617007456204,288.4586181640625,120872700,284.7322570800781,267.96909408569337,282.5130859684609,270.9997061865424,15.407870384903958,15.0442529852872,69.41518758481945,267.96909408569337,307.6928253847075,228.24536278667927,-0.0017339361660556607,0.01916620079758408,0,0,-0.0,-0.06305615214769289,1.4940282990136198
2021-10-03,MSFT,285.3654278881508,285.68340842010866,271.0557596552188,278.58160400390625,155541500,284.7306762695313,269.992440032959,281.7982710658146,271.721791692958,14.139365170637973,14.863275422357356,51.027220771501085,269.992440032959,307.366344485025,232.61853558089294,-0.03424066239733092,0.02071448137069071,1,0,-0.0,-0.06305615214769289,1.4086311180177051
2021-10-10,MSFT,276.9434021661116,285.84719612226604,270.0535494270314,284.122314453125,122462500,285.740966796875,272.4086311340332,282.22082440896196,272.90279386059296,13.426383683379925,14.575897074561869,58.1951479683533,272.4086311340332,306.58621441927266,238.23104784879376,0.019889003328235066,0.020431061925785535,1,0,0.0,-0.06305615214769289,1.45653639034045
2021-10-17,MSFT,282.26256704142725,293.37304209699454,281.7133139283031,293.1417541503906,113336700,287.21559753417966,275.0589172363281,284.2064479983126,274.83031388819273,13.434272195613346,14.347572098772165,67.20973395780335,275.0589172363281,306.835673421022,243.2821610516342,0.031744918432845104,0.02094640548908231,1,0,0.0,-0.06305615214769289,1.5345189376791235
2021-10-24,MSFT,292.52511657650416,299.7715163414631,291.6771292104213,297.9117431640625,91315900,288.84117431640624,277.8943214416504,286.69831984663074,277.0285452477994,13.667867478988171,14.211631174815366,71.02269845563362,277.8943214416504,306.9556120859603,248.83303079734048,0.01627195357241651,0.020941467881649158,1,0,0.0,-0.06305615214769289,1.5757605121614486
2021-10-31,MSFT,298.1044496970303,319.9206833758431,295.30996713441385,319.55450439453125,159314400,291.4679870605469,281.4704330444336,292.67217158261263,281.0786365951072,15.421612628461844,14.453627465544663,81.9880372983522,281.4704330444336,312.58891900146824,250.351947087399,0.07264823132047504,0.024868929984474174,1,0,0.0,-0.06305615214769289,1.762884957675099
2021-11-07,MSFT,319.3039399071891,326.4636610780947,314.49550312432325,323.8329772949219,121622700,294.9697723388672,285.1864158630371,298.3377726212143,285.15047856651813,16.961187291716385,14.95513943077901,83.41921399034236,285.1864158630371,317.9434749601517,252.42935676592245,0.01338886744374701,0.02481324751732466,1,0,0.0,-0.06305615214769289,1.7998768581357334
2021-11-14,MSFT,325.0278447491498,326.39622775578675,317.91641583544316,324.4690246582031,108386100,298.39832458496096,288.66538391113284,303.08890935521225,288.8951020038215,18.024855694565417,15.56908268353629,83.64216356840407,288.66538391113284,322.6314169800793,254.69935084218642,0.001964121654917106,0.024861517796422896,1,0,0.0,-0.06305615214769289,1.805376156903899
2021-11-21,MSFT,325.25913835367027,333.15247904268057,321.87683485459274,331.2313537597656,101090100,303.02635498046874,291.8751052856445,308.2057174287674,292.92712598057807,19.192247725474203,16.29371569192387,85.95835422914426,291.8751052856445,329.20171367205415,254.54849689923486,0.020841216226066495,0.023550201494865697,0,0,0.0,-0.06305615214769289,1.8638436079853848
2021-11-28,MSFT,332.6890561129603,337.5642399354129,316.76027639823303,318.2662658691406,107337200,305.95701599121094,294.4226272583008,310.03490805428976,295.3403773985364,18.853904012256294,16.80575335599036,65.45523631548524,294.4226272583008,331.64626818737247,257.1989863292291,-0.03914209130101942,0.026035515661970963,0,0,-0.0,-0.06305615214769289,1.7517467800097801
2021-12-05,MSFT,323.3442446492078,327.53393801069564,307.01957940682024,311.8271789550781,177332000,308.2938720703125,296.5130645751953,310.3607754907967,296.9105489753499,17.860301246507845,17.016662934093855,57.58420051390501,296.5130645751953,332.64601352544184,260.38011562494876,-0.02023176065009047,0.02684375183121193,1,0,-0.0,-0.06305615214769289,1.696074097786965
2021-12-12,MSFT,312.7346847030442,331.12518817346324,308.1780925192748,330.6811218261719,146125400,313.5038238525391,299.1172500610352,314.05538391541035,300.1267940087615,18.382319579339025,17.28979426314289,69.83805347292886,299.1172500610352,337.26489230419384,260.9696078178765,0.060462795238928946,0.028893966986603764,0,0,0.0,-0.06305615214769289,1.8590862739104383
2021-12-19,MSFT,328.8854647941473,331.8878102110468,306.26671004755957,312.5899353027344,191504300,316.3505859375,301.0457763671875,313.7889387131056,301.3137598462827,17.13865160371222,17.259565731256757,52.913291885553846,301.0457763671875,337.722542992247,264.369009742128,-0.054708857958173485,0.03178949855120128,1,0,-0.0,-0.06305615214769289,1.7026689290609087
2021-12-26,MSFT,308.96970202135424,324.7440930737717,306.5755796789902,323.1029357910156,97516400,319.3467041015625,303.2811508178711,315.482392727271,303.3889194600668,16.80759950673115,17.169172486351638,59.49510418524664,303.2811508178711,339.5931688964265,266.9691327393157,0.03363192253166991,0.03229074302720992,1,0,0.0,-0.06305615214769289,1.7935648811118363
2022-01-02,MSFT,323.84615541209826,332.38012934520907,323.8171952094219,324.67645263671875,84645800,322.02317504882814,305.4321746826172,317.15403998353423,305.4163035721289,16.48221132149746,17.031780253380802,60.44985033062413,305.4321746826172,341.4460470760707,269.41830228916365,0.004870017172239116,0.03228521105193682,0,0,0.0,-0.06305615214769289,1.807169590054615
2022-01-09,MSFT,323.7400001560889,326.29824977245147,299.35446457752903,303.167724609375,173959800,320.3844970703125,305.9262420654297,314.6110735518689,305.2021531947238,14.323650122093284,16.4901542271233,44.06711950737333,305.9262420654297,341.50704869733244,270.3454354335269,-0.06624665217532699,0.03520569049933697,0,0,-0.0,-0.06305615214769289,1.6212040026251118
2022-01-16,MSFT,298.77525819873097,312.21337685592107,293.2340443836935,299.46075439453125,193260900,317.94727478027346,306.4585235595703,311.8564700687166,304.65535330899115,12.173524491494561,15.626828279997552,41.813602070680595,306.4585235595703,341.2717583926973,271.64528872644337,-0.012227456664854697,0.03513316413005523,0,0,-0.0,-0.06305615214769289,1.5891533442732695
2022-01-23,MSFT,293.54290976278105,303.04222074165364,285.37580818130317,285.7812805175781,181632200,314.07850036621096,306.23841247558596,307.11552651396414,302.8578225669518,9.258983423302766,14.353259308658597,34.3369640082271,306.23841247558596,341.53719536658775,270.93962958458417,-0.045680356027323676,0.0367290052359362,1,1,-0.045680356027323676,-0.10585608069519692,1.4708798976975306
2022-01-30,MSFT,282.08391143196826,297.81954500203807,266.4930083993814,297.5879211425781,352234000,310.7141571044922,306.8702560424805,305.3832346282576,302.355927193202,7.8118358735991364,13.044974621646706,44.26225069387793,306.8702560424805,340.9976150764022,272.74289700855877,0.041313554910304084,0.03759309325819986,0,0,0.0,-0.10585608069519692,1.572960730027824
2022-02-06,MSFT,298.2539348406317,304.21038262271304,289.57520891247447,295.3481750488281,202857400,308.42234802246094,307.18968200683594,303.5586783410886,301.68852222707113,6.4103378385909195,11.718047265035548,42.84469697082209,307.18968200683594,340.7256551623546,273.6537088513173,-0.007526334016349057,0.03756386511036795,0,0,-0.0,-0.10585608069519692,1.5535957681626855
2022-02-13,MSFT,295.57022651592763,301.1307737737914,284.03388243730393,284.82550048828125,176801000,305.72218017578126,307.0080261230469,300.1526460042145,300.0825201567102,4.399830150052594,10.254403842038956,36.506677108456195,307.0080261230469,341.00736354283515,273.0086887032586,-0.035628033113145996,0.03848331980587607,0,0,-0.0,-0.10585608069519692,1.462616173576996
2022-02-20,MSFT,283.59952937825824,291.05424249393616,276.9693853417557,278.5365295410156,160125500,300.5077209472656,307.00577239990236,296.2224430109056,298.03052105045356,2.2728212569709854,8.658087325025363,33.12724874136423,307.00577239990236,341.0130488046169,272.9984959951878,-0.02208008389868299,0.03800579571756412,1,0,-0.0,-0.10585608069519692,1.4082414018541622
2022-02-27,MSFT,275.70205013593005,287.9199798483663,262.66179572392394,287.61041259765625,169083700,298.0097686767578,307.18017730712893,294.6566192994057,297.0381297692348,1.30430272409518,7.187330404839327,42.05689403462117,307.18017730712893,340.7259654121558,273.63438920210206,0.03257699473599729,0.038446688988084475,0,0,0.0,-0.10585608069519692,1.486694669325376
2022-03-06,MSFT,284.7083518645938,293.2405468384808,277.80122950255003,280.4034423828125,157389300,293.7398193359375,306.54326171875,292.0651325872978,295.45387382767075,-0.04428694386172083,5.741006935099118,37.47134111374834,306.54326171875,341.65832821728947,271.4281952202105,-0.025058099078372753,0.03817736812759733,0,1,-0.025058099078372753,-0.12826162761546123,1.4243828279237594
2022-03-13,MSFT,279.1168784545169,280.2390376841762,261.19143233256847,270.93292236328125,184358500,288.36546630859374,305.19432067871094,288.2229125465675,293.11854511677655,-1.855852674515745,4.2216350131761455,32.15542862727834,305.19432067871094,343.62203222580524,266.76660913161663,-0.033774621092568125,0.038587215157189915,1,1,-0.033774621092568125,-0.1577042608346011,1.3425002165273057
2022-03-20,MSFT,271.19411574307355,291.1801038956817,266.821587956301,290.6286926269531,176939300,287.11156311035154,303.748030090332,288.6603271066376,292.8814163082219,-1.6828486797834898,3.0407382745842186,49.38589988772409,303.748030090332,342.0772970033269,265.4187631773371,0.07269611271996967,0.03859222408037528,1,0,0.0,-0.1577042608346011,1.512790876314528
2022-03-27,MSFT,289.13896564753406,295.533244193088,285.27911614908595,293.7726135253906,128717300,286.5427490234375,302.2450119018555,289.58983372822905,292.96629223366654,-1.2773293680263578,2.1771247460621033,51.647657790714725,302.2450119018555,339.60331371396245,264.88671008974853,0.010817654891607686,0.03853539138448254,1,0,0.0,-0.1577042608346011,1.539973380829279
2022-04-03,MSFT,294.4013915103594,305.6423550476428,294.4013915103594,299.3254089355469,148667800,287.89716186523435,300.98783111572266,291.35993831137773,293.5719223957504,-0.5021003090812997,1.641279735033423,55.683447541218015,300.98783111572266,336.85985557917917,265.11580665226614,0.018901678218130824,0.03886171492506622,0,0,0.0,-0.1577042608346011,1.5879831403563318
2022-04-10,MSFT,299.97350759012323,304.8297226576166,286.61406359876185,287.28155517578125,143329800,286.8665252685547,298.79034118652345,290.61841410490564,292.9728398033724,-0.8497684367942497,1.1430701006678885,46.061723284856356,298.79034118652345,332.1588490603599,265.421833312687,-0.04023665682975486,0.03926176839011924,0,0,-0.0,-0.1577042608346011,1.483851350856623
2022-04-17,MSFT,282.2705132557711,283.06373875112814,270.20731168273284,270.7006530761719,115664800,284.4017730712891,296.412060546875,286.9970030087722,290.8516791626866,-2.4351670697370764,0.42742266658689554,36.141462276596904,296.412060546875,330.70343377251356,262.12068732123646,-0.05771655646135687,0.04028431326000131,0,1,-0.05771655646135687,-0.20631867042130114,1.340492004123289
2022-04-24,MSFT,269.8106733388797,283.7312227224096,264.46117751038287,265.0899658203125,124842800,282.4282196044922,294.07519989013673,283.01390533814316,288.398182653889,-4.097113505476159,-0.4774845678257154,33.33809791588507,294.07519989013673,330.2611122609557,257.88928751931775,-0.020726537568716563,0.040292828747583144,1,1,-0.020726537568716563,-0.22276893631640293,1.291981708670547
2022-05-01,MSFT,264.3740824976134,281.4869627202717,261.1914120269434,268.466064453125,216395500,281.4211730957031,290.9644470214844,280.3688433590489,286.4998856823877,-5.0831991296573165,-1.3986274801920358,36.74467254351776,290.9644470214844,324.5001148704552,257.42877917251354,0.012735671161167028,0.03737494678602405,0,1,0.012735671161167028,-0.21287037707308454,1.321171634019585
2022-05-08,MSFT,268.6498925117606,281.3902550491014,262.4200095223799,265.76715087890625,175769700,279.2368469238281,288.623307800293,277.71399018084117,284.52533951062753,-6.013143090367635,-2.321530602227156,35.09060652592699,288.623307800293,322.3393610384376,254.90725456214838,-0.010053090247054253,0.03584745779429878,0,0,-0.0,-0.21287037707308454,1.2978366861038837
2022-05-15,MSFT,261.24947149546875,264.8191105943443,241.86326466522425,252.60110473632812,221997200,276.4566131591797,285.0982162475586,273.1480110091115,281.4849361987895,-7.723488699558629,-3.4019222216934506,27.996776345255498,285.0982162475586,318.37503646001403,251.82139603510316,-0.04953977983749047,0.03565204334398703,0,0,-0.0,-0.21287037707308454,1.1840023625717886
2022-05-22,MSFT,251.47901346749958,259.5758904699336,238.9553115969885,244.88943481445312,164627300,273.8522644042969,281.10886535644534,268.0100880646281,277.99965035266223,-9.590662048680485,-4.639670187090858,24.631493138346414,281.10886535644534,313.5268851161176,248.69084559677304,-0.030529042736866296,0.03566852214209439,1,0,-0.0,-0.21287037707308454,1.1173268611074176
2022-05-29,MSFT,247.73046089939714,265.03831400617037,245.73301319601697,264.94134521484375,142680100,271.2835296630859,279.1975463867187,267.45213481921274,276.75600224429854,-9.344669261224283,-5.580670001917543,44.60787551011664,279.1975463867187,310.632159077411,247.76293369602647,0.08188148425261166,0.03931053779577757,0,0,0.0,-0.21287037707308454,1.2906967271428162
2022-06-05,MSFT,264.25296522222703,269.256265704975,253.6548406449659,261.8191833496094,135187100,268.0881866455078,277.31546783447266,266.4279618247394,275.33344806385196,-9.294509257324592,-6.3234378529989534,42.58027247201814,277.31546783447266,308.14336417549504,246.48757149345025,-0.01178435122197552,0.039306963657758764,0,0,-0.0,-0.21287037707308454,1.2637023523671354
2022-06-12,MSFT,263.7971760802352,265.85278414550214,244.86033026242538,245.30636596679688,120495800,262.6862823486328,275.2917221069336,262.5876716687498,272.47372595937054,-10.466551561076813,-7.152060594614526,33.333903213692324,275.2917221069336,308.96259925761115,241.6208449562561,-0.06306954735537007,0.04040845346156144,0,1,-0.06306954735537007,-0.2625142861010882,1.1209316696560538
2022-06-19,MSFT,237.66570001230667,247.54621774471534,234.17505534653057,240.12855529785156,184153000,257.97098236083986,272.41875381469725,258.5041959649501,269.39323351541634,-11.678586108136699,-8.05736569731896,30.90575574209514,272.41875381469725,307.8394041130411,236.9981035163534,-0.021107526698455725,0.03887496800725418,1,0,-0.0,-0.2625142861010882,1.0761640478131884
2022-06-26,MSFT,242.6592661630262,259.84113599314713,241.9320446589224,259.56964111328125,115652800,256.8578811645508,270.62982711791994,258.6979132646467,268.4576532866416,-10.944240675592255,-8.63474069297362,47.48006179577797,270.62982711791994,304.76513954994266,236.4945146858972,0.08096115762373723,0.04387986879900175,0,0,0.0,-0.2625142861010882,1.244252692540928
2022-07-03,MSFT,260.06411562547476,260.1513786610391,245.21912051123442,251.6962127685547,126549000,255.518505859375,268.9733627319336,257.4248768108118,266.86132561825235,-10.872257875023195,-9.082244129383536,42.69426461610218,268.9733627319336,303.4220431286377,234.52468233522947,-0.03033262407328463,0.043704366785696794,1,0,-0.0,-0.2625142861010882,1.1761786192926271
2022-07-10,MSFT,248.38007952148388,260.8883411729017,247.00320860845787,259.53082275390625,87284100,254.62498168945314,268.0230773925781,257.8077760731926,266.1631824883146,-10.066977586571795,-9.279190820821189,48.63832976967531,268.0230773925781,302.40950852126366,233.63664626389254,0.03112724621151064,0.04424346064576102,0,0,0.0,-0.2625142861010882,1.2439170669755741
2022-07-17,MSFT,257.58183216621444,258.4351100703667,238.47047406309875,248.92303466796875,139698000,252.94057006835936,266.0887084960938,256.19236854497007,264.52126364828166,-10.167541907756515,-9.456861038208254,41.85573589661607,266.0887084960938,300.1871382746946,231.99027871749297,-0.04087294130761521,0.04421725804957773,1,0,-0.0,-0.2625142861010882,1.1522015763979256
2022-07-24,MSFT,251.86101798298554,257.2716482313096,245.6069167419021,252.4525909423828,113061900,252.92571868896485,264.69116592407227,255.51240898086328,263.3718662477199,-9.848902149953574,-9.53526926055732,44.810461173840885,264.69116592407227,298.60998054266014,230.7723513054844,0.014179307588476187,0.04421089124314049,1,0,0.0,-0.2625142861010882,1.182718304542075
2022-07-31,MSFT,253.07307075614577,273.43530368872024,241.9902591873935,272.21356201171875,172010100,255.65813140869142,264.7551979064941,258.54898225920067,264.2139325109579,-7.910643654406442,-9.210344139327145,58.45041731625459,264.7551979064941,298.72841753584856,230.78197827713964,0.07827596855144181,0.04727561359300354,1,0,0.0,-0.2625142861010882,1.353572693905067
2022-08-07,MSFT,269.3822659732868,275.18059462702735,264.10743158594045,274.3176574707031,102686000,256.5957626342773,263.9396461486816,261.41601411583747,265.17619203093363,-6.134067204991538,-8.595088752460024,59.67485643081229,263.9396461486816,296.0285153695445,231.85077692781877,0.00772957615864045,0.04424515557987711,1,0,0.0,-0.2625142861010882,1.3717648132875029
2022-08-14,MSFT,275.4230317107007,283.0443115234375,269.17860487436343,283.0443115234375,109517800,258.71827545166013,263.40323104858396,265.34843182631016,266.87791769688636,-3.9761153363714925,-7.671294069242318,64.65888982777798,263.40323104858396,293.7009858057278,233.10547629144014,0.03181222139761952,0.0448099093598438,0,0,0.0,-0.2625142861010882,1.4472159206308888
2022-08-21,MSFT,282.16202216520173,285.2454350994593,277.47492602525494,278.0482177734375,92198200,261.9924606323242,262.3393714904785,267.6574838166969,267.94175579941503,-2.638649238890025,-6.6647651031718596,59.77822729768817,262.3393714904785,288.5439032786625,236.13483970229456,-0.01765127772082531,0.04470428726263417,0,0,-0.0,-0.2625142861010882,1.4040194327730076
2022-08-28,MSFT,274.09334578247393,274.46259143867746,260.3926404040064,260.49951171875,104858200,264.02955627441406,261.00026931762693,266.3560343443429,267.2329706488755,-2.9606036427882714,-5.923932811095143,45.77467462991456,261.00026931762693,284.4282180969522,237.57232053830165,-0.06311389511939525,0.0459883073711799,0,0,-0.0,-0.2625142861010882,1.252292402427984
2022-09-04,MSFT,258.3229611362696,259.82906392811554,247.26517150345208,248.81015014648438,114016200,262.9536071777344,259.9057441711426,263.16587358109587,265.47841631531446,-4.111592732601082,-5.561464795396331,38.79051247684122,259.9057441711426,283.47051975027057,236.34096859201463,-0.0448728732546958,0.045281346558156264,1,0,-0.0,-0.2625142861010882,1.1512255709213188
2022-09-11,MSFT,248.9462001827662,257.7204466614549,244.80680442412418,256.97222900390625,87859500,263.48120880126953,259.49985733032224,262.0397563852432,264.6683032380375,-4.3154030481575205,-5.31225244594857,45.491120367670014,259.49985733032224,282.96810263071563,236.03161202992882,0.032804444885453865,0.045773216036665,0,0,0.0,-0.2625142861010882,1.2217953315987864
2022-09-18,MSFT,258.2548875674703,259.87761738911445,235.20651003185853,237.81063842773438,147336700,261.30919036865237,257.9670860290527,257.63446221115066,262.110430398961,-5.954465044505696,-5.440694965659995,35.086722712723486,257.9670860290527,282.92660965061503,233.0075624074904,-0.07456677575801629,0.04851791932173686,0,1,-0.07456677575801629,-0.3175062179541289,1.0561232173272521
2022-09-25,MSFT,235.60491699915002,240.64796931692138,228.5407869425018,231.18377685546875,147350000,259.53526458740237,256.23791732788084,252.82524669193575,259.16503482339033,-7.699411804736911,-5.892438333475379,32.152275674744075,256.23791732788084,283.59846823379354,228.87736642196816,-0.0278661275041292,0.0487795892392253,0,0,-0.0,-0.3175062179541289,0.9988270255890106
2022-10-02,MSFT,230.33836671998023,235.46893404188793,226.1406621930938,226.30584716796875,146921600,256.92059020996095,254.92315444946288,248.0035376875781,256.03558838001686,-9.36791534631709,-6.587533736043722,30.01987920338871,254.92315444946288,285.372350040286,224.4739588586398,-0.021099792355021463,0.04784377780236547,1,0,-0.0,-0.3175062179541289,0.9566521903954772
2022-10-09,MSFT,228.74479665745017,243.4852960194291,226.56822859279998,227.60794067382812,142125400,252.46002807617188,254.05907974243163,244.29524732144174,253.32819336037983,-10.464519888725135,-7.362930966580006,31.42076716928449,254.05907974243163,286.6150786383162,221.50308084654705,0.005753689187239397,0.04748762117611218,0,0,0.0,-0.3175062179541289,0.967910158946544
2022-10-16,MSFT,226.45162940250796,230.52299472511268,212.92575128751184,222.0887451171875,154871900,247.2371368408203,251.91644973754882,240.2577014661228,250.35300781340914,-11.644706912067704,-8.219286155677546,28.61880816696214,251.91644973754882,286.99936920437034,216.83353027072732,-0.024248695103963325,0.04329626317659226,1,0,-0.0,-0.3175062179541289,0.9201909055102573
2022-10-23,MSFT,229.1432179713051,237.02356694835538,227.6564884494634,235.2648162841797,122568300,242.45918731689454,250.58873138427734,239.34990416031494,248.91603719157774,-11.38556905193991,-8.852542734930019,42.69527030644962,250.58873138427734,286.10095144608056,215.07651132247415,0.059327955408274624,0.045807386696204794,0,0,0.0,-0.3175062179541289,1.0341119059277442
2022-10-30,MSFT,236.8584104094097,243.9322497035884,219.38744917013727,229.1917724609375,223302200,237.57354278564452,249.7830017089844,237.5029711240645,247.03753578865962,-11.537250075609109,-9.389484203065837,38.642573171195714,249.7830017089844,286.5103094491116,213.05569396885713,-0.025813650843169333,0.04401595904621368,0,0,-0.0,-0.3175062179541289,0.9816040514121918
2022-11-06,MSFT,227.14151774097857,229.06545410633566,207.38711607311453,215.1217498779297,170779600,233.0357666015625,248.53266143798828,233.43365817022178,243.99793713049488,-12.647004815013133,-10.040988325455297,30.8216710711815,248.53266143798828,288.2266989402722,208.83862393570436,-0.061389736777771375,0.04579877620970829,1,0,-0.0,-0.3175062179541289,0.8599539002982319
2022-11-13,MSFT,215.7047654290473,240.968599204813,215.01486125373305,240.11351013183594,170431600,232.16610260009764,247.55985488891602,234.64817670869706,243.62799170205116,-11.378700675317077,-10.308530795427654,51.103877232387646,247.55985488891602,287.068199242936,208.0515105348961,0.11617495798582778,0.049762256569143744,0,1,0.11617495798582778,-0.2382175314993612,1.0760339665209555
2022-11-20,MSFT,235.13851261558185,240.00667907027895,231.5526741520921,235.05084228515625,137343700,229.97396392822264,246.7275863647461,234.72138863168962,242.81112032901356,-10.65920283654026,-10.378665203650176,47.82637436329347,246.7275863647461,286.5689337618152,206.886238967677,-0.02108447727035434,0.049534733563627746,1,0,-0.0,-0.2382175314993612,1.0322618755413608
2022-11-27,MSFT,235.2554806346632,242.33952274547863,234.55393320096024,241.1604766845703,74769700,230.30894775390624,245.8090690612793,235.89213191403155,242.6539161723999,-9.486643063909554,-10.200260775702052,52.10372327833999,245.8090690612793,285.2526408513035,206.36549727125507,0.025992820702178232,0.049365554925795065,1,0,0.0,-0.2382175314993612,1.0850860940921798
2022-12-04,MSFT,239.78656581676748,249.56979735290415,232.11783235235237,248.49795532226562,137898700,232.04036560058594,245.78781509399414,238.18409980643773,243.21049132953,-7.874535053697144,-9.73511563130107,56.98994522523543,245.78781509399414,285.2247794049114,206.35085078307694,0.030425709629412045,0.04902385077105183,0,0,0.0,-0.2382175314993612,1.1485263181433534
2022-12-11,MSFT,245.56491592032455,247.32863821310553,236.0155378698541,239.1434326171875,109602000,233.32412414550782,245.1223571777344,238.35852395384677,242.823152404545,-7.26797890759741,-9.24168828656034,49.55345418532921,245.1223571777344,284.53494968427174,205.70976467119704,-0.037644264287594154,0.04965820485189493,0,0,-0.0,-0.2382175314993612,1.0676466255943136
2022-12-18,MSFT,241.12153444706453,257.1703267708484,237.28228413602537,238.43211364746094,229935300,234.4065414428711,243.43328475952148,238.37190389814023,242.40495823720366,-6.766674278949324,-8.746685485038137,48.99254764098019,243.43328475952148,280.7997228244013,206.0668466946417,-0.0029744449259672123,0.045970316864648454,0,0,-0.0,-0.2382175314993612,1.0614965245801211
2022-12-25,MSFT,238.59777136210013,239.3383404733785,227.88883383804284,232.62454223632812,128396500,235.46012115478516,241.34862899780273,237.326929050538,241.4734900466441,-6.760083194954177,-8.349365027021346,44.27169151929787,241.34862899780273,276.01473390292216,206.68252409268328,-0.024357337282677083,0.04603993388995692,1,0,-0.0,-0.2382175314993612,1.0112839584238564
2023-01-01,MSFT,232.59530118818017,235.73296777777816,228.1811734561326,233.68666076660156,75854900,235.30230560302735,238.88074645996093,236.6650620898223,240.7318872580686,-6.59315385100507,-7.998122791818091,45.382273676716714,238.88074645996093,267.559094686,210.20239823392188,0.004565805998209882,0.04522000624045808,0,0,0.0,-0.2382175314993612,1.0204670907853313
